municipio,População,Área_km,Receita Anual,Orçamento anual,Danos e Prejuízos,Afetados,Precipitação pluviométrica,Densidade populacional,Capacidade de investimento na resposta ao desastre,Capacidade de projeção financeira,Densidade populacional de afetados
Miracema,27154,303,175000000,154504379,495650,600,98,89.51,0.0028323,1.132654,0.0220962
Laje do Muriaé,7326,251,46619864.76,51844864.8,2291000,3128,250,29.24,0.0491421,0.8992186,0.4269724
Cambuci,15514,562,71745844.8,91660000,256000,3142,38.4,27.62,0.0035682,0.7827389,0.2025268
Campos dos Goytacazes,511168,4032,2259089505,2526415589,35825000,442,140.8,126.78,0.0158582,0.8941876,0.0008647
Barra do Piraí,100764,578,351043700,275000000,1803526.8,1450,92,174.19,0.0051376,1.2765225,0.0143901
Conceição de Macabu,23398,348,124527975.1,99962574.5,2786132,8968,125,67.17,0.0223735,1.245746,0.3832806
São Pedro da Aldeia,106049,359,391002957.8,403828202.3,230049.42,53,150,295.4,0.0005884,0.9682408,0.0004998
Laje do Muriaé,7326,251,46619864.76,51844864.8,1091590,1376,90,29.24,0.0234147,0.8992186,0.1878242
Rio Claro,18605,841,106726946.8,121687452.5,12965675.4,910,271.2,22.11,0.1214846,0.8770579,0.0489116
Paraty,43680,928,374735796,360000000,45700000,10993,300,47.05,0.1219526,1.0409328,0.2516712
Mangaratiba,45220,356,395416504.1,326553759.2,9194987.2,7426,307.5,126.88,0.0232539,1.2108772,0.1642194
Belford Roxo,513118,80,1072096981,1057932547,13124090.89,426365,228,6430.78,0.0122415,1.0133888,0.8309297
Mesquita,176569,39,496892328.5,575000000,31933377.6,53480,139.5,4520.22,0.0642662,0.8641606,0.3028844
Queimados,151335,76,464466223.4,358320000,3598697.58,9384,138.8,1999.11,0.007748,1.296233,0.0620081
Angra dos Reis,207044,816,1055530700,1232000000,19229000,112120,389,253.64,0.0182174,0.8567619,0.5415274
Nova Iguaçu,823302,521,1366925024,1594665486,533621165,756236,220,1580.82,0.3903807,0.8571861,0.9185402
Paraty,43680,928,374735796,360000000,45700000,10120,300,47.05,0.1219526,1.0409328,0.231685
Petrópolis,306678,796,1238332775,1433965383,135825000,181417,530,385.37,0.1096838,0.8635723,0.5915553
Magé,246433,386,569131868.6,569598000,2610480.14,10300,222.8,638.92,0.0045868,0.9991816,0.0417964
São José de Ubá,7206,251,59392525.8,59022321.04,1263000,62,210,28.76,0.0212653,1.0062723,0.0086039
Engenheiro Paulo de Frontin,14071,139,76245347.64,70543984.43,21595817.08,1307,84.2,101.22,0.2832411,1.08082,0.0928861
Cambuci,15514,562,71745844.8,90660000,8729000,2980,118.2,27.62,0.1216656,0.7913727,0.1920846
Miracema,27154,303,76037207.28,79423854.35,23904350,16400,150,89.51,0.314377,0.9573598,0.6039626
Laje do Muriaé,7326,251,46619864.76,51844864.8,3983000,1397,155.8,29.24,0.0854357,0.8992186,0.1906907
Itaocara,23222,428,370399536.2,68454905.05,50600,5120,159,54.2,0.0001366,5.4108546,0.2204806
Santo Antônio de Pádua,42594,612,2060371705,166013074.7,6658895.5,6826,102.8,69.6,0.0032319,12.4109002,0.1602573
Miguel Pereira,25582,287,240562963.5,147528846.7,2040952,1301,108.9,89.03,0.0084841,1.6306164,0.0508561
Miracema,27154,303,76037207.28,79423854.35,3031610,15355,46,89.51,0.0398701,0.9573598,0.5654784
Paraíba do Sul,44518,581,186492793.1,128145000,4294316.8,223,72,76.65,0.0230267,1.4553263,0.0050092
São João da Barra,36423,459,458039950.9,458039950.9,9814586.38,10130,17.5,79.42,0.0214274,1,0.278121
Rio Claro,18605,841,106726946.8,121687452.5,8560000,84,26.2,22.11,0.0802047,0.8770579,0.0045149
Laje do Muriaé,7326,251,46619864.76,51844864.8,1423750,1038,55.9,29.24,0.0305396,0.8992186,0.1416871
Cachoeiras de Macacu,59303,956,259022212.2,259022212.2,12417095.55,201,119.7,62.05,0.0479383,1,0.0033894
Petrópolis,306678,796,1238332775,1433965383,16316880.22,30239,200,385.37,0.0131765,0.8635723,0.0986018
Itaperuna,103800,1106,314969997.5,371814034.4,4844987.4,4691,97,93.89,0.0153824,0.847117,0.0451927
Rio Claro,18605,841,106726946.8,121687452.5,13665491.08,783,106.8,22.11,0.1280416,0.8770579,0.0420855
São José de Ubá,7206,251,59392525.8,59022321.04,990000,127,210,28.76,0.0166688,1.0062723,0.0176242
Paracambi,52683,179374,138265153.8,131105954,3250000,80,50.8,0.29,0.0235056,1.0546062,0.0015185
Natividade,15311,387026,79364793.84,75165507,420000,1106,290,0.04,0.005292,1.0558672,0.0722356
Porciúncula,18960,302,96207593.04,89840800,839009.86,11844,290,62.74,0.0087208,1.0708675,0.6246835
Três Rios,77432,327,321853535.7,321853535.7,10985000,432,113,237.11,0.0341304,1,0.0055791
Miracema,27154,303,76037207.28,79423854.35,1887500,2855,40,89.51,0.0248234,0.9573598,0.105141
Queimados,151335,76,330352590,328513000,1843250,25881,170.4,1999.11,0.0055796,1.0055997,0.1710179
Itaguaí,134819,273,515813755.1,770523340,1798802.6,27792,120,493.09,0.0034873,0.669433,0.2061431
Seropédica,83092,284,266828482.4,295940324.6,3075388.05,28328,60,292.79,0.0115257,0.9016294,0.3409233
Mesquita,176569,39,352955772,367000000,67733198,91851,80,4520.22,0.1919028,0.9617323,0.5201989
Nova Iguaçu,823302,521,1354041527,1512593337,569592.92,406996,110,1580.82,0.0004207,0.8951788,0.4943459
Rio Bonito,60573,462,202088882.4,268702587.4,15030656.6,614,161.8,131.07,0.0743765,0.7520913,0.0101365
Santo Antônio de Pádua,42594,612,117079845.6,133264000,938657.54,22946,106.4,69.6,0.0080172,0.8785557,0.5387144
Varre-Sai,11106,190,54333365.88,61130948.67,9262550,7852,33,58.43,0.1704763,0.8888029,0.7070052
Queimados,151335,76,330352590,328513000,699326.3,1534,73.8,1999.11,0.0021169,1.0055997,0.0101365
Natividade,15311,387026,70679535.48,71645860,2689810.37,2400,79.5,0.04,0.0380564,0.9865125,0.15675
Laje do Muriaé,7326,251,46619864.76,51844864.8,1032500,2560,33,29.24,0.0221472,0.8992186,0.3494403
Barra Mansa,184833,547,485234400,545000000,2635000,204,64,337.82,0.0054304,0.8903383,0.0011037
Miguel Pereira,25582,287,140272495.7,127479267.8,477627.9,43,58.4,89.03,0.003405,1.1003554,0.0016809
Nova Friburgo,191158,933,484597692.6,568203896,1301955,1028,35.2,204.89,0.0026867,0.8528588,0.0053778
Barra Mansa,184833,547,482822171.1,493758000,3013179.56,12751,136,337.82,0.0062408,0.9778518,0.0689866
São Gonçalo,1091737,249,2280222225,1990392329,30312871.48,8227,199.4,4381.99,0.0132938,1.1456145,0.0075357
Piraí,29545,505,280540134.5,293780041,2049400,10585,104.2,58.45,0.0073052,0.9549326,0.3582671
Barra do Piraí,100764,578,382592400,304000000,10137771.57,346,25.6,174.19,0.0264976,1.2585276,0.0034338
Engenheiro Paulo de Frontin,14071,139,104326765.1,70543984.43,20738443.73,10360,43.2,101.22,0.1987835,1.4788896,0.7362661
Rio de Janeiro,6747815,1221,27673483800,30277427487,351349589,79090,360.2,5526.47,0.0126963,0.9139972,0.0117208
Barra Mansa,184833,547,482822171.1,493758000,6435926.52,22237,107,337.82,0.0133298,0.9778518,0.1203086
Volta Redonda,273988,182,867619555.3,737758248.1,28791252.54,10398,169.8,1501.44,0.0331842,1.1760215,0.0379506
Mangaratiba,45220,356,276262458.7,333930150,6252830,284,110,126.88,0.0226337,0.8273061,0.0062804
Barra do Piraí,100764,578,192360000,224809269.1,762248.08,3000,63,174.19,0.0039626,0.8556587,0.0297725
Conceição de Macabu,23398,348,63915811.05,77283221.29,1773000,30,107,67.17,0.0277396,0.8270335,0.0012822
Cachoeiras de Macacu,59303,956,167833083.5,207526460,1719052.17,141,103,62.05,0.0102426,0.808731,0.0023776
Sumidouro,15667,396,55858246.55,66290100,878500,3008,95,39.61,0.0157273,0.8426333,0.1919959
São João de Meriti,472906,35,518947554.9,650100000,13736164.07,21478,68.2,13574.43,0.0264693,0.798258,0.0454171
Areal,12669,111,68495236.87,62171647.14,10612000,185,174.9,114.22,0.1549305,1.1017118,0.0146026
Itatiaia,32064,225,167367295.1,192353593,17395491.46,7600,48.35,142.53,0.103936,0.8701023,0.2370259
São José do Vale do Rio Preto,21916,240,60248866.43,65292100,649213.27,8291,172.6,91.34,0.0107755,0.9227589,0.3783081
Petrópolis,306678,796,833281693.3,1013248700,7088050.13,15627,140,385.37,0.0085062,0.8223861,0.0509557
Cachoeiras de Macacu,59303,956,167833083.5,207526460,3129952.48,111,70,62.05,0.0186492,0.808731,0.0018717
Petrópolis,306678,796,776196087.2,851796240,6838158.08,5032,112.8,385.37,0.0088098,0.9112462,0.0164081
Cachoeiras de Macacu,59303,956,171052206,236386030,18946500,1557,300,62.05,0.1107644,0.7236139,0.026255
Silva Jardim,21774,938,114499431.1,115000000,10061820,4477,180,23.2,0.0878766,0.9956472,0.2056122
Tanguá,34610,146,113187057,122472917,88250.76,4714,179.2,237.86,0.0007797,0.9241803,0.1362034
Maricá,164504,362,562493805.7,786188470.9,72640847.92,50941,234,454.43,0.1291407,0.7154694,0.3096642
Araruama,134293,634,222436206,262310355.2,37187473.67,30770,129,211.89,0.1671826,0.8479887,0.2291259
Paraíba do Sul,44518,581,91405613.27,98084531,14501000,4164,80,76.65,0.1586445,0.9319065,0.0935352
Petrópolis,306678,796,772568036.5,851796240,63772553.33,125523,99,385.37,0.0825462,0.9069869,0.409299
Belford Roxo,513118,80,440117791.5,440117791.5,13981400,2208,140.6,6430.78,0.0317674,1,0.0043031
Mesquita,176569,39,221262366.6,284166140,12420000,55236,146.6,4520.22,0.0561325,0.7786373,0.3128295
São João de Meriti,472906,35,428352237.5,600000000,3880000,15750,130,13574.43,0.009058,0.7139204,0.0333047
Nova Iguaçu,823302,521,890119999.9,1100000000,143880000,382089,120,1580.82,0.1616411,0.8092,0.4640934
Japeri,105548,82,148374132.5,156303089,7966000,17771,90,1280.08,0.0536886,0.9492719,0.1683689
Queimados,151335,76,170592400,230000000,36850793.74,21394,113,1999.11,0.2160166,0.7417061,0.1413685
Petrópolis,306678,796,642033338.5,713939000,62000500,152277,437,385.37,0.096569,0.8992832,0.4965371
Magé,246433,386,328702423.1,400000000,13140000,580,205,638.92,0.0399754,0.8217561,0.0023536
Duque de Caxias,924624,465,1574747824,1917854634,33000000,51458,212,1990.27,0.0209557,0.8210986,0.0556529
Duque de Caxias,924624,465,1574747824,1917854634,7320000,14588,148.2,1990.27,0.0046484,0.8210986,0.0157772
Barra do Piraí,100764,578,142091191.6,154000000,9915500,387,60.8,174.19,0.0697827,0.9226701,0.0038407
Mangaratiba,45220,356,163493959.3,246359092,4025000,15600,240,126.88,0.0246186,0.6636409,0.3449801
Angra dos Reis,207044,816,764870900,824667000,84475000,20844,209.5,253.64,0.1104435,0.9274906,0.1006743
