"municipio;População;Área_km;Receita.Anual;Orçamento.anual;Danos.e.Prejuízos;Afetados;Precipitação.pluviométrica;Densidade.populacional;Capacidade.de.investimento.na.resposta.ao.desastre;Capacidade.de.projeção.financeira;Densidade.populacional.de.afetados;fator_1;fator_2;fator_3;fator_4;cluster_H"
"Miracema;27154;303;1.75e+08;154504379;495650;600;98;89.51;0.0028323;1.132654;0.0220962;-0.452958393484587;-0.563449786794417;-0.110098142957165;0.110542133262575;1"
"Laje do Muriaé;7326;251;46619864.76;51844864.8;2291000;3128;250;29.24;0.0491421;0.8992186;0.4269724;-0.142801191816667;0.432105997644037;0.504661128982552;-0.0370590398273324;2"
"Cambuci;15514;562;71745844.8;91660000;256000;3142;38.4;27.62;0.0035682;0.7827389;0.2025268;-0.493272335171452;-0.290587409492782;-0.373301882853954;0.0185209631527902;1"
"Campos dos Goytacazes;511168;4032;2259089505;2526415589;35825000;442;140.8;126.78;0.0158582;0.8941876;0.0008647;0.246249470615525;-0.773465017055591;0.138453799982387;-0.0626398780211772;1"
"Barra do Piraí;100764;578;351043700;2.75e+08;1803526.8;1450;92;174.19;0.0051376;1.2765225;0.0143901;-0.404554298402961;-0.604833653945275;-0.121022137630027;0.208082461774824;1"
"Conceição de Macabu;23398;348;124527975.1;99962574.5;2786132;8968;125;67.17;0.0223735;1.245746;0.3832806;-0.307229067106677;0.143681131832435;0.0659469227651911;0.320982134369084;2"
"São Pedro da Aldeia;106049;359;391002957.8;403828202.3;230049.42;53;150;295.4;0.0005884;0.9682408;0.0004998;-0.321677813055517;-0.611288819105581;0.0179299033104099;-0.0751982354953614;1"
"Laje do Muriaé;7326;251;46619864.76;51844864.8;1091590;1376;90;29.24;0.0234147;0.8992186;0.1878242;-0.427649901996951;-0.188717979195051;-0.154997839095974;0.0308830179983284;1"
"Rio Claro;18605;841;106726946.8;121687452.5;12965675.4;910;271.2;22.11;0.1214846;0.8770579;0.0489116;-0.11672347432106;0.180668868094023;0.547000911090372;-0.271436958066747;2"
"Paraty;43680;928;374735796;3.6e+08;45700000;10993;300;47.05;0.1219526;1.0409328;0.2516712;0.136554092063127;0.599780683254655;0.7440992294918;-0.0772922012836937;2"
"Mangaratiba;45220;356;395416504.1;326553759.2;9194987.2;7426;307.5;126.88;0.0232539;1.2108772;0.1642194;-0.0666359868073196;-0.0750186162062593;0.748530648793991;0.00735055613399033;2"
"Belford Roxo;513118;80;1072096981;1057932547;13124090.89;426365;228;6430.78;0.0122415;1.0133888;0.8309297;1.0547366874968;1.7928074474192;-1.24655156300546;-0.103172041052702;3"
"Mesquita;176569;39;496892328.5;5.75e+08;31933377.6;53480;139.5;4520.22;0.0642662;0.8641606;0.3028844;0.171854830051472;0.257974888379456;-1.02794380373908;-0.300489988418133;4"
"Queimados;151335;76;464466223.4;358320000;3598697.58;9384;138.8;1999.11;0.007748;1.296233;0.0620081;-0.210344921269305;-0.514791868810798;-0.372176272007554;0.0675877336658917;1"
"Angra dos Reis;207044;816;1055530700;1.232e+09;19229000;112120;389;253.64;0.0182174;0.8567619;0.5415274;0.479798188031436;0.776578665749845;1.00226432480136;-0.115501361135432;5"
"Nova Iguaçu;823302;521;1366925024;1594665486;533621165;756236;220;1580.82;0.3903807;0.8571861;0.9185402;3.3796146163786;5.9258822632463;0.0972936186947458;0.324160968409316;6"
"Paraty;43680;928;374735796;3.6e+08;45700000;10120;300;47.05;0.1219526;1.0409328;0.231685;0.130344798348272;0.565831585154103;0.741881532124313;-0.0866573878324304;2"
"Petrópolis;306678;796;1238332775;1433965383;135825000;181417;530;385.37;0.1096838;0.8635723;0.5915553;1.26004951608573;1.83287898770904;1.58768493842796;-0.217578856286434;5"
"Magé;246433;386;569131868.6;569598000;2610480.14;10300;222.8;638.92;0.0045868;0.9991816;0.0417964;-0.107669551793866;-0.494069506457352;0.231382025554462;-0.131878925184316;1"
"São José de Ubá;7206;251;59392525.8;59022321.04;1263000;62;210;28.76;0.0212653;1.0062723;0.0086039;-0.326900321169293;-0.393816580439272;0.31480479071101;-0.105759496569508;1"
"Engenheiro Paulo de Frontin;14071;139;76245347.64;70543984.43;21595817.08;1307;84.2;101.22;0.2832411;1.08082;0.0928861;-0.202391068765043;0.824605585925214;-0.179408171052254;0.0348836000067538;2"
"Cambuci;15514;562;71745844.8;90660000;8729000;2980;118.2;27.62;0.1216656;0.7913727;0.1920846;-0.286024219945754;0.288704056890745;-0.0621545245400024;-0.101495891734583;2"
"Miracema;27154;303;76037207.28;79423854.35;23904350;16400;150;89.51;0.314377;0.9573598;0.6039626;0.0652537558497094;1.86545344896567;0.120384352598537;0.109099450299261;3"
"Laje do Muriaé;7326;251;46619864.76;51844864.8;3983000;1397;155.8;29.24;0.0854357;0.8992186;0.1906907;-0.29166526435064;0.143593600445565;0.101340650130739;-0.0574077825252584;2"
"Itaocara;23222;428;370399536.2;68454905.05;50600;5120;159;54.2;0.0001366;5.4108546;0.2204806;-0.374584371390283;-0.364032780809051;0.977174133566025;3.06134012225208;7"
"Santo Antônio de Pádua;42594;612;2060371705;166013074.7;6658895.5;6826;102.8;69.6;0.0032319;12.4109002;0.1602573;-0.372233763216524;-0.835628751280608;2.11476840945417;7.91003660086585;7"
"Miguel Pereira;25582;287;240562963.5;147528846.7;2040952;1301;108.9;89.03;0.0084841;1.6306164;0.0508561;-0.424502870762033;-0.500400169439552;0.0327207348370208;0.452337511493607;1"
"Miracema;27154;303;76037207.28;79423854.35;3031610;15355;46;89.51;0.0398701;0.9573598;0.5654784;-0.337167557059088;0.476345838131044;-0.287121645854291;0.285260810488019;2"
"Paraíba do Sul;44518;581;186492793.1;128145000;4294316.8;223;72;76.65;0.0230267;1.4553263;0.0050092;-0.46371203956367;-0.528641415712769;-0.146539384181577;0.344001012644777;1"
"São João da Barra;36423;459;458039950.9;458039950.9;9814586.38;10130;17.5;79.42;0.0214274;1;0.278121;-0.380898013312802;-0.122845671256976;-0.401609590017846;0.231627064443464;1"
"Rio Claro;18605;841;106726946.8;121687452.5;8560000;84;26.2;22.11;0.0802047;0.8770579;0.0045149;-0.477393525729398;-0.274169499732304;-0.42264000158701;-0.0189206728784379;1"
"Laje do Muriaé;7326;251;46619864.76;51844864.8;1423750;1038;55.9;29.24;0.0305396;0.8992186;0.1416871;-0.476226686866946;-0.257204451023229;-0.295552568770224;0.043635626438947;1"
"Cachoeiras de Macacu;59303;956;259022212.2;259022212.2;12417095.55;201;119.7;62.05;0.0479383;1;0.0033894;-0.334453787786963;-0.362667638916539;-0.0298434847066318;-0.0222866493397269;1"
"Petrópolis;306678;796;1238332775;1433965383;16316880.22;30239;200;385.37;0.0131765;0.8635723;0.0986018;0.0882817413965134;-0.383685123091743;0.215241722587716;-0.130596220588801;1"
"Itaperuna;103800;1106;314969997.5;371814034.4;4844987.4;4691;97;93.89;0.0153824;0.847117;0.0451927;-0.361575646499136;-0.477511084122036;-0.152876611125708;-0.0758873984373198;1"
"Rio Claro;18605;841;106726946.8;121687452.5;13665491.08;783;106.8;22.11;0.1280416;0.8770579;0.0420855;-0.316288007431239;0.0708760149803552;-0.10070051319215;-0.101321982850069;2"
"São José de Ubá;7206;251;59392525.8;59022321.04;990000;127;210;28.76;0.0166688;1.0062723;0.0176242;-0.328642097866544;-0.400081204871488;0.316156239596615;-0.100163129647396;1"
"Paracambi;52683;179374;138265153.8;131105954;3250000;80;50.8;0.29;0.0235056;1.0546062;0.0015185;-0.560193768156157;-0.664888622061937;1.69601728476276;-1.19845880394693;7"
"Natividade;15311;387026;79364793.84;75165507;420000;1106;290;0.04;0.005292;1.0558672;0.0722356;-0.3656719328328;-0.586083208424064;4.95141312240363;-2.91925920952869;8"
"Porciúncula;18960;302;96207593.04;89840800;839009.86;11844;290;62.74;0.0087208;1.0708675;0.6246835;-0.054755144847801;0.606111875804935;0.712543185705045;0.141482330072929;2"
"Três Rios;77432;327;321853535.7;321853535.7;10985000;432;113;237.11;0.0341304;1;0.0055791;-0.332661275625353;-0.441921483554661;-0.103346681220805;-0.0164363801271846;1"
"Miracema;27154;303;76037207.28;79423854.35;1887500;2855;40;89.51;0.0248234;0.9573598;0.105141;-0.49267884891322;-0.356220334212834;-0.365654229821921;0.0817426419019888;1"
"Queimados;151335;76;330352590;328513000;1843250;25881;170.4;1999.11;0.0055796;1.0055997;0.1710179;-0.139564621301079;-0.263996390484695;-0.301982222493552;-0.114906815288665;1"
"Itaguaí;134819;273;515813755.1;770523340;1798802.6;27792;120;493.09;0.0034873;0.669433;0.2061431;-0.204265620487692;-0.241619911903439;-0.184139829411153;-0.156706001244288;1"
"Seropédica;83092;284;266828482.4;295940324.6;3075388.05;28328;60;292.79;0.0115257;0.9016294;0.3409233;-0.320546442054426;0.0118723158060242;-0.320904300362371;0.1313954654863;1"
"Mesquita;176569;39;352955772;3.67e+08;67733198;91851;80;4520.22;0.1919028;0.9617323;0.5201989;0.376053724477746;1.33123552404731;-1.2231503454607;-0.0979288825577309;3"
"Nova Iguaçu;823302;521;1354041527;1512593337;569592.92;406996;110;1580.82;0.0004207;0.8951788;0.4943459;0.723225925693841;1.0257819451109;-0.602879166007637;0.144001293174208;3"
"Rio Bonito;60573;462;202088882.4;268702587.4;15030656.6;614;161.8;131.07;0.0743765;0.7520913;0.0101365;-0.249996789445066;-0.185743984752055;0.0661817497297954;-0.243727736472933;1"
"Santo Antônio de Pádua;42594;612;117079845.6;133264000;938657.54;22946;106.4;69.6;0.0080172;0.8785557;0.5387144;-0.275810250084888;0.354606300912192;-0.0617113481532329;0.166360780055316;2"
"Varre-Sai;11106;190;54333365.88;61130948.67;9262550;7852;33;58.43;0.1704763;0.8888029;0.7070052;-0.222426035797496;1.25735274456798;-0.328102587532259;0.277988605790178;3"
"Queimados;151335;76;330352590;328513000;699326.3;1534;73.8;1999.11;0.0021169;1.0055997;0.0101365;-0.337071599415324;-0.681826508886711;-0.691034160853663;-0.0894274183340677;1"
"Natividade;15311;387026;70679535.48;71645860;2689810.37;2400;79.5;0.04;0.0380564;0.9865125;0.15675;-0.573779440894828;-0.463532411591355;4.11953723678272;-2.71326505825504;8"
"Laje do Muriaé;7326;251;46619864.76;51844864.8;1032500;2560;33;29.24;0.0221472;0.8992186;0.3494403;-0.456650640951601;0.0182522582706432;-0.358045759120628;0.166806235423806;1"
"Barra Mansa;184833;547;485234400;5.45e+08;2635000;204;64;337.82;0.0054304;0.8903383;0.0011037;-0.368378533895398;-0.678628561596695;-0.340056706534796;-0.038662476246576;1"
"Miguel Pereira;25582;287;140272495.7;127479267.8;477627.9;43;58.4;89.03;0.003405;1.1003554;0.0016809;-0.512942816090452;-0.620556235713923;-0.275750424831355;0.120108083939781;1"
"Nova Friburgo;191158;933;484597692.6;568203896;1301955;1028;35.2;204.89;0.0026867;0.8528588;0.0053778;-0.409319517047891;-0.706331326479756;-0.424822837023333;-0.023965586419138;1"
"Barra Mansa;184833;547;482822171.1;493758000;3013179.56;12751;136;337.82;0.0062408;0.9778518;0.0689866;-0.249527142413895;-0.474392176350232;-0.0385369032213172;-0.0228332104634611;1"
"São Gonçalo;1091737;249;2280222225;1990392329;30312871.48;8227;199.4;4381.99;0.0132938;1.1456145;0.0075357;0.641098029457757;-0.909046166779871;-0.683652366218686;-0.240556168180865;1"
"Piraí;29545;505;280540134.5;293780041;2049400;10585;104.2;58.45;0.0073052;0.9549326;0.3582671;-0.316884248105341;0.0141762393221405;-0.0643983846037347;0.142996472033514;2"
"Barra do Piraí;100764;578;382592400;3.04e+08;10137771.57;346;25.6;174.19;0.0264976;1.2585276;0.0034338;-0.444468707133096;-0.56537413301299;-0.380339391583861;0.258370685277446;1"
"Engenheiro Paulo de Frontin;14071;139;104326765.1;70543984.43;20738443.73;10360;43.2;101.22;0.1987835;1.4788896;0.7362661;-0.142722571031258;1.44570943374874;-0.176288500117848;0.67677546999585;3"
"Rio de Janeiro;6747815;1221;27673483800;30277427487;351349589;79090;360.2;5526.47;0.0126963;0.9139972;0.0117208;8.28390636990258;-4.10320017088405;0.688855271847115;0.27054493443703;9"
"Barra Mansa;184833;547;482822171.1;493758000;6435926.52;22237;107;337.82;0.0133298;0.9778518;0.1203086;-0.24484416535835;-0.34882812951906;-0.148713598143177;0.0322216609827368;1"
"Volta Redonda;273988;182;867619555.3;737758248.1;28791252.54;10398;169.8;1501.44;0.0331842;1.1760215;0.0379506;0.00905626081972763;-0.405114125941491;-0.126340242325688;-0.00941666289869898;1"
"Mangaratiba;45220;356;276262458.7;333930150;6252830;284;110;126.88;0.0226337;0.8273061;0.0062804;-0.375811258505536;-0.48863664135205;-0.123539888729938;-0.121738572553127;1"
"Barra do Piraí;100764;578;192360000;224809269.1;762248.08;3000;63;174.19;0.0039626;0.8556587;0.0297725;-0.450472956095852;-0.578773583058057;-0.318697015794017;-0.0450565799598261;1"
"Conceição de Macabu;23398;348;63915811.05;77283221.29;1773000;30;107;67.17;0.0277396;0.8270335;0.0012822;-0.439415359601065;-0.45595126502583;-0.13382559920547;-0.126900354787753;1"
"Cachoeiras de Macacu;59303;956;167833083.5;207526460;1719052.17;141;103;62.05;0.0102426;0.808731;0.0023776;-0.425520321875963;-0.554009669829139;-0.140338284415049;-0.129552949454016;1"
"Sumidouro;15667;396;55858246.55;66290100;878500;3008;95;39.61;0.0157273;0.8426333;0.1919959;-0.418594687684123;-0.208733929938721;-0.146618066682763;-0.00988704241063673;1"
"São João de Meriti;472906;35;518947554.9;650100000;13736164.07;21478;68.2;13574.43;0.0264693;0.798258;0.0454171;0.366415155591826;-0.763094355443487;-3.5358935268222;-1.05283939377675;10"
"Areal;12669;111;68495236.87;62171647.14;10612000;185;174.9;114.22;0.1549305;1.1017118;0.0146026;-0.238882821228291;0.18495131001515;0.169716773848957;-0.0463817133208165;2"
"Itatiaia;32064;225;167367295.1;192353593;17395491.46;7600;48.35;142.53;0.103936;0.8701023;0.2370259;-0.315439838198419;0.244553560632193;-0.338067302230575;0.054230812653862;2"
"São José do Vale do Rio Preto;21916;240;60248866.43;65292100;649213.27;8291;172.6;91.34;0.0107755;0.9227589;0.3783081;-0.268406121405178;0.132815082471544;0.182069161362349;0.0478459386124622;2"
"Petrópolis;306678;796;833281693.3;1013248700;7088050.13;15627;140;385.37;0.0085062;0.8223861;0.0509557;-0.115253462049034;-0.542900300098148;-0.0498757479280475;-0.133988940222535;1"
"Cachoeiras de Macacu;59303;956;167833083.5;207526460;3129952.48;111;70;62.05;0.0186492;0.808731;0.0018717;-0.456270819814539;-0.540592906464891;-0.269789568904938;-0.0968842765226;1"
"Petrópolis;306678;796;776196087.2;851796240;6838158.08;5032;112.8;385.37;0.0088098;0.9112462;0.0164081;-0.190027168797706;-0.639425116879862;-0.142913126845487;-0.0646357137165839;1"
"Cachoeiras de Macacu;59303;956;171052206;236386030;18946500;1557;300;62.05;0.1107644;0.7236139;0.026255;-0.0424894678841654;0.12489789702005;0.627270066043739;-0.412931378812141;2"
"Silva Jardim;21774;938;114499431.1;1.15e+08;10061820;4477;180;23.2;0.0878766;0.9956472;0.2056122;-0.219052448902588;0.207304472631031;0.231070063829636;-0.0110712633784661;2"
"Tanguá;34610;146;113187057;122472917;88250.76;4714;179.2;237.86;0.0007797;0.9241803;0.1362034;-0.31658203273562;-0.309789327235755;0.143350073032317;-0.0758540792103498;1"
"Maricá;164504;362;562493805.7;786188470.9;72640847.92;50941;234;454.43;0.1291407;0.7154694;0.3096642;0.320761398167205;0.802413806407501;0.3328396317834;-0.207066893689648;2"
"Araruama;134293;634;222436206;262310355.2;37187473.67;30770;129;211.89;0.1671826;0.8479887;0.2291259;-0.0322630224958876;0.660449720579544;-0.0410040861610448;-0.0669724348546554;2"
"Paraíba do Sul;44518;581;91405613.27;98084531;14501000;4164;80;76.65;0.1586445;0.9319065;0.0935352;-0.300394146800229;0.269107674993326;-0.210196747907645;-0.0237000654631769;2"
"Petrópolis;306678;796;772568036.5;851796240;63772553.33;125523;99;385.37;0.0825462;0.9069869;0.409299;0.27498883662267;0.793027735290731;-0.170601887730108;0.144739725261508;2"
"Belford Roxo;513118;80;440117791.5;440117791.5;13981400;2208;140.6;6430.78;0.0317674;1;0.0043031;0.12950414649758;-0.654087588568966;-1.4956405858023;-0.495485172329492;4"
"Mesquita;176569;39;221262366.6;284166140;12420000;55236;146.6;4520.22;0.0561325;0.7786373;0.3128295;0.0729896061190872;0.23311517148131;-1.04198493303495;-0.374960127112822;4"
"São João de Meriti;472906;35;428352237.5;6e+08;3880000;15750;130;13574.43;0.009058;0.7139204;0.0333047;0.379053432730681;-0.840833282377048;-3.31665710976166;-1.18330252455317;10"
"Nova Iguaçu;823302;521;890119999.9;1.1e+09;143880000;382089;120;1580.82;0.1616411;0.8092;0.4640934;1.19859780603;2.05388340611973;-0.482109429740483;0.0423996371385577;3"
"Japeri;105548;82;148374132.5;156303089;7966000;17771;90;1280.08;0.0536886;0.9492719;0.1683689;-0.268987288025816;-0.0824674278078437;-0.456177716306588;-0.0366148509284731;1"
"Queimados;151335;76;170592400;2.3e+08;36850793.74;21394;113;1999.11;0.2160166;0.7417061;0.1413685;0.0196447921252818;0.661482397647822;-0.573545193672738;-0.309522367269911;2"
"Petrópolis;306678;796;642033338.5;713939000;62000500;152277;437;385.37;0.096569;0.8992832;0.4965371;0.733569819300294;1.34562877868882;1.14716909363956;-0.185643936604871;5"
"Magé;246433;386;328702423.1;4e+08;13140000;580;205;638.92;0.0399754;0.8217561;0.0023536;-0.12408905704998;-0.385779441815467;0.125432170156073;-0.268733358153074;1"
"Duque de Caxias;924624;465;1574747824;1917854634;3.3e+07;51458;212;1990.27;0.0209557;0.8210986;0.0556529;0.521889321883539;-0.511421521030063;-0.145058876818671;-0.291972032054101;1"
"Duque de Caxias;924624;465;1574747824;1917854634;7320000;14588;148.2;1990.27;0.0046484;0.8210986;0.0157772;0.293710254440346;-0.872062002228526;-0.401039115447758;-0.252554095738442;1"
"Barra do Piraí;100764;578;142091191.6;1.54e+08;9915500;387;60.8;174.19;0.0697827;0.9226701;0.0038407;-0.39769455780167;-0.314646200082316;-0.317030828755238;-0.0295416591456754;1"
"Mangaratiba;45220;356;163493959.3;246359092;4025000;15600;240;126.88;0.0246186;0.6636409;0.3449801;-0.127918093729014;0.210680226560527;0.388373265087221;-0.218010509420905;2"
"Angra dos Reis;207044;816;764870900;824667000;84475000;20844;209.5;253.64;0.1104435;0.9274906;0.1006743;0.24769864332846;0.290236527192837;0.333434592540613;-0.110245747353884;2"
